Domain,UserName,Group
eu,guilliar,BI-d-TEXTPAD-Users
am,span2,BI-d-TEXTPAD-Users
eu,x2noehl4pa,BI-d-TEXTPAD-Users
eu,trouvais,BI-d-TEXTPAD-Users
eu,kneerc,BI-d-TEXTPAD-Users
eu,prystazm,BI-d-TEXTPAD-Users
eu,eggersgl,BI-d-TEXTPAD-Users
eu,remenyi,BI-d-TEXTPAD-Users
eu,zeppenfe,BI-d-TEXTPAD-Users
eu,zimmerer,BI-d-TEXTPAD-Users
eu,marquarw,BI-d-TEXTPAD-Users
ap,kikuchto,BI-d-TEXTPAD-Users
eu,renic,BI-d-TEXTPAD-Users
eu,becmarku,BI-d-TEXTPAD-Users
eu,zellnerd,BI-d-TEXTPAD-Users
eu,wolfmaie,BI-d-TEXTPAD-Users
eu,maierudo,BI-d-TEXTPAD-Users
eu,koschick,BI-d-TEXTPAD-Users
eu,kloeble,BI-d-TEXTPAD-Users
am,!brnavori,BI-d-TEXTPAD-Users
eu,zeilinsi,BI-d-TEXTPAD-Users
eu,weisenst,BI-d-TEXTPAD-Users
am,ataht,BI-d-TEXTPAD-Users
eu,imhofth,BI-d-TEXTPAD-Users
eu,kleingue,BI-d-TEXTPAD-Users
eu,hingele,BI-d-TEXTPAD-Users
eu,sauterar,BI-d-TEXTPAD-Users
am,vvoynov,BI-d-TEXTPAD-Users
eu,sternad,BI-d-TEXTPAD-Users
am,czheng,BI-d-TEXTPAD-Users
am,hsulkows,BI-d-TEXTPAD-Users
am,afernand,BI-d-TEXTPAD-Users
ap,matsuoky,BI-d-TEXTPAD-Users
eu,kneerc,BI-d-TEXTPAD-Users
am,eivanova,BI-d-TEXTPAD-Users
am,mmansour,BI-d-TEXTPAD-Users
am,bellotti,BI-d-TEXTPAD-Users
eu,knoepp,BI-d-TEXTPAD-Users
eu,hollandt,BI-d-TEXTPAD-Users
eu,niesser,BI-d-TEXTPAD-Users
eu,wilhemar,BI-d-TEXTPAD-Users
eu,ignatow,BI-d-TEXTPAD-Users
eu,kaiserdi,BI-d-TEXTPAD-Users
eu,kochpete,BI-d-TEXTPAD-Users
eu,hornstef,BI-d-TEXTPAD-Users
eu,neufeld,BI-d-TEXTPAD-Users
eu,schnekar,BI-d-TEXTPAD-Users
eu,schefflm,BI-d-TEXTPAD-Users
am,jwatrous,BI-d-TEXTPAD-Users
eu,mschille,BI-d-TEXTPAD-Users
eu,ruedelc,BI-d-TEXTPAD-Users
eu,adamfr,BI-d-TEXTPAD-Users
eu,brendelm,BI-d-TEXTPAD-Users
eu,fink,BI-d-TEXTPAD-Users
eu,kueblera,BI-d-TEXTPAD-Users
eu,kasperw,BI-d-TEXTPAD-Users
eu,fackler,BI-d-TEXTPAD-Users
eu,winterm,BI-d-TEXTPAD-Users
eu,laemmle,BI-d-TEXTPAD-Users
eu,mayhu,BI-d-TEXTPAD-Users
eu,birk,BI-d-TEXTPAD-Users
eu,x4kardex,BI-d-TEXTPAD-Users
am,dpearso1,BI-d-TEXTPAD-Users
am,silvcar,BI-d-TEXTPAD-Users
ap,lib,BI-d-TEXTPAD-Users
eu,gelling,BI-d-TEXTPAD-Users
eu,x2zvwarc,BI-d-TEXTPAD-Users
am,agorewil,BI-d-TEXTPAD-Users
am,landers3,BI-d-TEXTPAD-Users
eu,arensmar,BI-d-TEXTPAD-Users
eu,schmidpg,BI-d-TEXTPAD-Users
eu,jergro,BI-d-TEXTPAD-Users
eu,seiffera,BI-d-TEXTPAD-Users
eu,tauss,BI-d-TEXTPAD-Users
eu,hensinge,BI-d-TEXTPAD-Users
eu,hartmanj,BI-d-TEXTPAD-Users
eu,piroclau,BI-d-TEXTPAD-Users
eu,thomann,BI-d-TEXTPAD-Users
eu,iser,BI-d-TEXTPAD-Users
eu,wolframa,BI-d-TEXTPAD-Users
eu,friedlp,BI-d-TEXTPAD-Users
am,pyuhasz,BI-d-TEXTPAD-Users
eu,heinricj,BI-d-TEXTPAD-Users
eu,schnella,BI-d-TEXTPAD-Users
eu,degen,BI-d-TEXTPAD-Users
eu,schmelzp,BI-d-TEXTPAD-Users
eu,mohrbe,BI-d-TEXTPAD-Users
eu,sommera,BI-d-TEXTPAD-Users
eu,kruegers,BI-d-TEXTPAD-Users
eu,pfeuffer,BI-d-TEXTPAD-Users
eu,winkled,BI-d-TEXTPAD-Users
eu,franssen,BI-d-TEXTPAD-Users
eu,krampez,BI-d-TEXTPAD-Users
eu,michalsk,BI-d-TEXTPAD-Users
eu,fischegu,BI-d-TEXTPAD-Users
eu,waldschm,BI-d-TEXTPAD-Users
eu,x2zvwarc,BI-d-TEXTPAD-Users
eu,esswein,BI-d-TEXTPAD-Users
eu,zornow,BI-d-TEXTPAD-Users
eu,bauerra,BI-d-TEXTPAD-Users
am,jmigliet,BI-d-TEXTPAD-Users
eu,franssen,BI-d-TEXTPAD-Users
eu,hollj,BI-d-TEXTPAD-Users
eu,boehrer,BI-d-TEXTPAD-Users
eu,broermaj,BI-d-TEXTPAD-Users
eu,wernicke,BI-d-TEXTPAD-Users
eu,kohn,BI-d-TEXTPAD-Users
eu,kutterr,BI-d-TEXTPAD-Users
eu,meyerjo,BI-d-TEXTPAD-Users
eu,marquarw,BI-d-TEXTPAD-Users
am,jritchie,BI-d-TEXTPAD-Users
eu,klee,BI-d-TEXTPAD-Users
eu,x2zvwarc,BI-d-TEXTPAD-Users
eu,x2zvwarc,BI-d-TEXTPAD-Users
eu,boenig,BI-d-TEXTPAD-Users
eu,x2zvwarc,BI-d-TEXTPAD-Users
eu,fischegu,BI-d-TEXTPAD-Users
eu,fabritiu,BI-d-TEXTPAD-Users
eu,tmuir,BI-d-TEXTPAD-Users
eu,x2zvwarc,BI-d-TEXTPAD-Users
eu,fuehrboe,BI-d-TEXTPAD-Users
eu,fiesel,BI-d-TEXTPAD-Users
eu,riederea,BI-d-TEXTPAD-Users
eu,broermaj,BI-d-TEXTPAD-Users
eu,x2zvwarc,BI-d-TEXTPAD-Users
eu,rothmi,BI-d-TEXTPAD-Users
eu,hcnrto,BI-d-TEXTPAD-Users
am,yzhang6,BI-d-TEXTPAD-Users
eu,thalerm,BI-d-TEXTPAD-Users
eu,wilds,BI-d-TEXTPAD-Users
am,afernand,BI-d-TEXTPAD-Users
eu,liedlp,BI-d-TEXTPAD-Users
eu,jaegeste,BI-d-TEXTPAD-Users
eu,ender,BI-d-TEXTPAD-Users
eu,ristw,BI-d-TEXTPAD-Users
am,juliol,BI-d-TEXTPAD-Users
am,vverma,BI-d-TEXTPAD-Users
am,pkocovsk,BI-d-TEXTPAD-Users
eu,ijpelaan,BI-d-TEXTPAD-Users
eu,niesser,BI-d-TEXTPAD-Users
eu,bartoka,BI-d-TEXTPAD-Users
eu,fuentemi,BI-d-TEXTPAD-Users
eu,becmarku,BI-d-TEXTPAD-Users
eu,lorenzir,BI-d-TEXTPAD-Users
eu,kloker,BI-d-TEXTPAD-Users
eu,bailert,BI-d-TEXTPAD-Users
eu,dangn,BI-d-TEXTPAD-Users
am,jchan1,BI-d-TEXTPAD-Users
am,jarmstr5,BI-d-TEXTPAD-Users
eu,hitsba,BI-d-TEXTPAD-Users
eu,dorm,BI-d-TEXTPAD-Users
eu,petrychr,BI-d-TEXTPAD-Users
am,jmigliet,BI-d-TEXTPAD-Users
eu,kruege,BI-d-TEXTPAD-Users
eu,groever,BI-d-TEXTPAD-Users
am,msadik,BI-d-TEXTPAD-Users
eu,kueblera,BI-d-TEXTPAD-Users
eu,hechtp,BI-d-TEXTPAD-Users
eu,herkomme,BI-d-TEXTPAD-Users
am,speacock,BI-d-TEXTPAD-Users
eu,wintejan,BI-d-TEXTPAD-Users
eu,franketh,BI-d-TEXTPAD-Users
eu,breitruh,BI-d-TEXTPAD-Users
am,limai,BI-d-TEXTPAD-Users
am,chedidh,BI-d-TEXTPAD-Users
eu,sillere,BI-d-TEXTPAD-Users
eu,diema,BI-d-TEXTPAD-Users
eu,sepanlou,BI-d-TEXTPAD-Users
eu,bertscha,BI-d-TEXTPAD-Users
ap,tyagim,BI-d-TEXTPAD-Users
eu,webercon,BI-d-TEXTPAD-Users
eu,muehlhae,BI-d-TEXTPAD-Users
eu,hitjmg,BI-d-TEXTPAD-Users
am,dfeder,BI-d-TEXTPAD-Users
eu,rast,BI-d-TEXTPAD-Users
eu,vonlipsh,BI-d-TEXTPAD-Users
eu,schumati,BI-d-TEXTPAD-Users
am,bnichol1,BI-d-TEXTPAD-Users
am,mattina,BI-d-TEXTPAD-Users
eu,schumati,BI-d-TEXTPAD-Users
eu,schuhein,BI-d-TEXTPAD-Users
eu,x2zvwarc,BI-d-TEXTPAD-Users
eu,pulmstef,BI-d-TEXTPAD-Users
am,graciaj,BI-d-TEXTPAD-Users
am,jorgeher,BI-d-TEXTPAD-Users
am,rdrumski,BI-d-TEXTPAD-Users
eu,dicosta,BI-d-TEXTPAD-Users
eu,simoner,BI-d-TEXTPAD-Users
eu,schmelzp,BI-d-TEXTPAD-Users
eu,barnerb,BI-d-TEXTPAD-Users
eu,grischke,BI-d-TEXTPAD-Users
eu,asche,BI-d-TEXTPAD-Users
eu,ohlmannd,BI-d-TEXTPAD-Users
eu,knollrol,BI-d-TEXTPAD-Users
eu,meggle,BI-d-TEXTPAD-Users
eu,venterm,BI-d-TEXTPAD-Users
eu,muelannk,BI-d-TEXTPAD-Users
eu,santagui,BI-d-TEXTPAD-Users
eu,neidling,BI-d-TEXTPAD-Users
eu,schirrma,BI-d-TEXTPAD-Users
eu,moorw,BI-d-TEXTPAD-Users
eu,eges,BI-d-TEXTPAD-Users
eu,leippran,BI-d-TEXTPAD-Users
eu,bischela,BI-d-TEXTPAD-Users
eu,imhofth,BI-d-TEXTPAD-Users
eu,chazkjew,BI-d-TEXTPAD-Users
eu,becke,BI-d-TEXTPAD-Users
eu,boenig,BI-d-TEXTPAD-Users
eu,varlichi,BI-d-TEXTPAD-Users
eu,jergro,BI-d-TEXTPAD-Users
eu,posselma,BI-d-TEXTPAD-Users
eu,kroepsch,BI-d-TEXTPAD-Users
am,vieirals,BI-d-TEXTPAD-Users
eu,x2zvwarc,BI-d-TEXTPAD-Users
eu,x2zvwarc,BI-d-TEXTPAD-Users
eu,x2zvwarc,BI-d-TEXTPAD-Users
eu,x2zvwarc,BI-d-TEXTPAD-Users
eu,hubermo,BI-d-TEXTPAD-Users
am,tmacaule,BI-d-TEXTPAD-Users
eu,gamber,BI-d-TEXTPAD-Users
eu,gerlacda,BI-d-TEXTPAD-Users
am,nmarinov,BI-d-TEXTPAD-Users
ap,mahesh,BI-d-TEXTPAD-Users
eu,roccofa,BI-d-TEXTPAD-Users
eu,perronee,BI-d-TEXTPAD-Users
eu,bornstef,BI-d-TEXTPAD-Users
eu,maletsch,BI-d-TEXTPAD-Users
eu,davoudi,BI-d-TEXTPAD-Users
eu,taylorf,BI-d-TEXTPAD-Users
eu,kehrer,BI-d-TEXTPAD-Users
eu,schlichs,BI-d-TEXTPAD-Users
eu,weinzier,BI-d-TEXTPAD-Users
eu,zaza,BI-d-TEXTPAD-Users
eu,mirannma,BI-d-TEXTPAD-Users
am,pereyraf,BI-d-TEXTPAD-Users
eu,dauner,BI-d-TEXTPAD-Users
eu,sternad,BI-d-TEXTPAD-Users
eu,heinemfa,BI-d-TEXTPAD-Users
eu,adamm,BI-d-TEXTPAD-Users
eu,rehbockf,BI-d-TEXTPAD-Users
eu,pastoors,BI-d-TEXTPAD-Users
eu,kuenzela,BI-d-TEXTPAD-Users
eu,brueninm,BI-d-TEXTPAD-Users
eu,berwind,BI-d-TEXTPAD-Users
eu,krzykall,BI-d-TEXTPAD-Users
eu,kasperw,BI-d-TEXTPAD-Users
eu,riesi,BI-d-TEXTPAD-Users
eu,mschille,BI-d-TEXTPAD-Users
eu,ottogeo,BI-d-TEXTPAD-Users
eu,winkled,BI-d-TEXTPAD-Users
eu,beckerpa,BI-d-TEXTPAD-Users
am,dortad,BI-d-TEXTPAD-Users
am,schnepab,BI-d-TEXTPAD-Users
am,hagenjen,BI-d-TEXTPAD-Users
eu,jaegeste,BI-d-TEXTPAD-Users
eu,scheffom,BI-d-TEXTPAD-Users
eu,angelovm,BI-d-TEXTPAD-Users
eu,garciarb,BI-d-TEXTPAD-Users
eu,bischela,BI-d-TEXTPAD-Users
eu,franssen,BI-d-TEXTPAD-Users
eu,bentele,BI-d-TEXTPAD-Users
am,afernand,BI-d-TEXTPAD-Users
am,violini,BI-d-TEXTPAD-Users
eu,x2zvwarc,BI-d-TEXTPAD-Users
eu,e0284613,BI-d-TEXTPAD-Users
eu,x2arslani4pa,BI-d-TEXTPAD-Users
eu,x2scheiber4pa,BI-d-TEXTPAD-Users
am,mmansour,BI-d-TEXTPAD-Users
eu,herkomme,BI-d-TEXTPAD-Users
eu,niesser,BI-d-TEXTPAD-Users
eu,jergro,BI-d-TEXTPAD-Users
eu,ginterf,BI-d-TEXTPAD-Users
am,jritchie,BI-d-TEXTPAD-Users
am,mattina,BI-d-TEXTPAD-Users
am,mattina,BI-d-TEXTPAD-Users
am,afernand,BI-d-TEXTPAD-Users
eu,x2koenigp4pa,BI-d-TEXTPAD-Users
eu,kehrer,BI-d-TEXTPAD-Users
eu,krampez,BI-d-TEXTPAD-Users
eu,haagd,BI-d-TEXTPAD-Users
eu,tyagima,BI-d-TEXTPAD-Users
am,mattina,BI-d-TEXTPAD-Users
am,vverma,BI-d-TEXTPAD-Users
eu,sauterar,BI-d-TEXTPAD-Users
